,City,Cloudiness,Country,Date,Humidity,Latitude,Longitude,Max Temperature,Wind Speed
0,Meiganga,100,CM,1567041320,95,6.52,14.29,64.67,3.27
1,Clyde River,1,CA,1567041322,71,70.47,-68.59,50.0,3.36
2,East London,25,ZA,1567041323,81,-33.02,27.91,46.67,4.72
3,Kapaa,40,US,1567041324,62,22.08,-159.32,87.8,10.29
4,Contamana,80,PE,1567041326,69,-7.35,-75.01,78.35,2.57
5,Rikitea,48,PF,1567041327,71,-23.12,-134.97,70.43,14.99
6,Kaitangata,100,NZ,1567041328,65,-46.28,169.85,46.99,15.01
7,Lompoc,1,US,1567041074,82,34.64,-120.46,75.0,4.7
8,Whyalla,1,AU,1567041331,57,-33.04,137.58,51.8,12.75
9,Miri,4,NG,1567041332,96,10.31,9.75,70.07,2.15
10,Aksarka,100,RU,1567041333,81,66.56,67.8,40.37,14.03
11,Iqaluit,75,CA,1567041334,81,63.75,-68.52,42.8,8.05
12,Poum,22,MK,1567041336,65,41.28,20.71,60.89,2.44
13,Namatanai,93,PG,1567041337,76,-3.66,152.44,81.05,5.3
14,Albany,90,US,1567041048,88,42.65,-73.75,69.01,3.67
15,Cabo San Lucas,75,MX,1567041222,78,22.89,-109.91,88.0,5.82
16,Kodinsk,89,RU,1567041341,92,58.6,99.18,53.33,4.09
17,Esperance,0,AU,1567041342,33,-33.86,121.89,59.0,19.46
18,Chernyshevskiy,0,RU,1567041343,70,63.01,112.47,56.03,1.1
19,Rameswaram,89,IN,1567041344,72,9.28,79.3,83.03,12.21
20,Luganville,75,VU,1567041346,74,-15.51,167.18,80.6,11.41
21,Yellowknife,40,CA,1567041347,37,62.45,-114.38,68.0,11.41
22,Ketchikan,1,US,1567041307,72,55.34,-131.65,66.2,19.46
23,Longyearbyen,75,NO,1567041349,81,78.22,15.63,46.4,13.87
24,Hobart,20,AU,1567041270,57,-42.88,147.33,53.01,10.29
25,Vaini,40,IN,1567041352,100,15.34,74.49,69.8,2.1
26,Cape Town,0,ZA,1567041300,75,-33.93,18.42,50.0,1.12
27,Coihaique,75,CL,1567041354,93,-45.58,-72.07,35.6,4.7
28,Pevek,100,RU,1567041356,97,69.7,170.27,40.19,1.34
29,Avarua,89,CK,1567041357,88,-21.21,-159.78,75.2,16.11
30,Talnakh,40,RU,1567041358,81,69.49,88.39,53.6,2.24
31,Kaspiyskiy,0,RU,1567041360,45,45.39,47.37,58.01,11.9
32,Pochutla,20,MX,1567041361,62,15.74,-96.47,87.8,9.17
33,Kodiak,1,US,1567041362,64,39.95,-94.76,78.8,3.36
34,Yagodnoye,100,RU,1567041364,76,62.52,149.63,44.33,2.91
35,Abalak,30,NE,1567041365,54,15.46,6.28,80.51,9.55
36,Leon,1,US,1567041220,68,40.74,-93.75,75.2,4.09
37,Zhezkazgan,93,KZ,1567041367,20,47.8,67.71,64.85,12.84
38,Port Elizabeth,90,US,1567041369,78,39.31,-74.98,75.99,4.7
39,Bratsk,40,RU,1567041370,93,56.15,101.63,59.0,4.47
40,Baryshivka,0,UA,1567041371,71,50.36,31.33,64.4,6.71
41,Hermanus,0,ZA,1567041373,71,-34.42,19.24,50.0,3.0
42,Sherman,1,US,1567041244,62,33.64,-96.61,89.6,3.36
43,Katherine,0,AU,1567041375,11,-14.47,132.26,73.4,17.22
44,Punta Arenas,75,CL,1567041376,81,-53.16,-70.91,35.6,26.4
45,Sao Joao da Barra,100,BR,1567041331,78,-21.64,-41.05,64.85,2.82
46,Atuona,58,PF,1567041379,76,-9.8,-139.03,79.07,20.15
47,Upernavik,100,GL,1567041380,81,72.79,-56.15,41.45,12.73
48,Laguna,40,BZ,1567041381,74,16.17,-88.94,84.2,9.17
49,Pacific Grove,90,US,1567041382,77,36.62,-121.92,80.01,8.05
50,Faanui,1,PF,1567041384,80,-16.48,-151.75,78.53,15.32
51,Busselton,0,AU,1567041385,61,-33.64,115.35,64.99,19.33
52,Ormara,98,PK,1567041386,80,25.21,64.64,81.95,4.65
53,Cidreira,0,BR,1567041388,79,-30.17,-50.22,63.59,13.11
54,Ushuaia,75,AR,1567041389,93,-54.81,-68.31,35.6,18.34
55,Lasa,0,CY,1567041390,64,34.92,32.53,78.8,8.05
56,Ixtapa,20,MX,1567041392,34,20.71,-105.21,93.2,10.29
57,Hilo,40,US,1567041393,62,19.71,-155.08,87.8,9.17
58,Komsomolskiy,100,RU,1567041394,81,67.55,63.78,37.13,13.56
59,Bredasdorp,0,ZA,1567041395,80,-34.53,20.04,41.63,4.9
60,Port Alfred,38,ZA,1567041397,80,-33.59,26.89,52.0,5.01
61,Mataura,100,NZ,1567041398,74,-46.19,168.86,48.0,15.01
62,Marystown,33,CA,1567041399,89,47.17,-55.16,58.37,10.02
63,Haines Junction,1,CA,1567041401,36,60.75,-137.51,58.37,4.54
64,Ojinaga,1,US,1567041402,26,29.56,-104.41,91.4,12.75
65,Khatanga,30,RU,1567041403,74,71.98,102.47,52.79,12.03
66,Chokurdakh,70,RU,1567041404,62,70.62,147.9,36.77,9.17
67,Port Moresby,40,PG,1567041406,78,-9.47,147.16,80.6,19.46
68,Ust-Koksa,0,RU,1567041407,57,50.27,85.62,49.55,5.03
69,Mount Gambier,90,AU,1567041273,71,-37.83,140.78,50.0,8.05
70,Desaguadero,71,PE,1567041409,32,-16.56,-69.04,41.27,3.85
71,Lakselv,37,NO,1567041411,93,70.05,24.96,57.2,17.22
72,San Patricio,0,PY,1567041412,54,-26.98,-56.83,71.51,4.81
73,Kavaratti,100,IN,1567041413,78,10.57,72.64,82.67,19.15
74,Bayir,0,TR,1567041414,78,37.27,28.22,73.4,0.25
75,Klaksvik,36,FO,1567041415,93,62.23,-6.59,50.0,9.17
76,Amapa,75,HN,1567041185,74,15.09,-87.97,84.2,16.11
77,Guerrero Negro,99,MX,1567041418,83,27.97,-114.04,70.79,15.64
78,Port Hardy,40,CA,1567041304,87,50.7,-127.42,59.0,6.93
79,Parkersburg,1,US,1567041420,82,39.27,-81.55,68.0,3.36
80,Saint-Pierre,0,FR,1567041422,88,48.95,4.24,69.8,5.82
81,Bathsheba,20,BB,1567041290,78,13.22,-59.52,82.4,10.29
82,Buraydah,0,SA,1567041186,27,26.33,43.97,86.0,9.17
83,Ahipara,1,NZ,1567041425,80,-35.17,173.16,63.0,9.08
84,Evensk,79,RU,1567041426,73,61.92,159.24,57.29,4.29
85,Praia,0,BR,1567041428,55,-20.25,-43.81,64.4,5.82
86,Pingliang,0,CN,1567041269,58,35.54,106.68,61.79,3.87
87,Vila Franca do Campo,40,PT,1567041430,94,37.72,-25.43,71.01,9.17
88,Vayalar,75,IN,1567041431,100,9.7,76.33,75.2,4.7
89,Berberati,90,CF,1567041432,94,4.26,15.79,67.55,3.11
90,Camacha,20,PT,1567041434,64,33.08,-16.33,71.6,6.93
91,Sochaczew,0,PL,1567041435,93,52.23,20.24,73.0,5.82
92,Tuy Hoa,100,VN,1567041302,94,13.08,109.3,74.57,5.21
93,New Norfolk,20,AU,1567041437,57,-42.78,147.06,53.01,10.29
94,Thompson,75,CA,1567041439,62,55.74,-97.86,55.4,9.17
95,Bambous Virieux,75,MU,1567041440,88,-20.34,57.76,71.01,8.05
96,Acapulco,5,MX,1567041441,70,16.86,-99.88,87.8,5.82
97,College,75,US,1567041442,67,64.86,-147.8,59.0,11.41
98,Ginda,75,IN,1567041444,88,30.69,78.49,80.6,4.7
99,Aksu,0,KZ,1567041445,66,52.04,76.93,55.4,17.9
100,Tiznit,45,MA,1567041446,87,29.7,-9.73,67.55,1.7
101,Puerto Ayora,20,EC,1567041447,69,-0.74,-90.35,77.0,12.75
102,Angren,0,UZ,1567041448,42,41.01,70.08,61.25,1.28
103,Manavalakurichi,40,IN,1567041450,88,8.13,77.3,78.8,3.36
104,Collie,0,AU,1567041451,61,-33.36,116.15,64.99,10.18
105,Ola,94,RU,1567041452,88,59.58,151.3,52.25,4.07
106,Geraldton,90,CA,1567041191,81,49.72,-86.95,53.6,6.93
107,Qaanaaq,100,GL,1567041455,97,77.48,-69.36,34.25,12.19
108,Cherskiy,100,RU,1567041456,80,68.75,161.3,39.83,15.95
109,Hofn,99,IS,1567041186,98,64.25,-15.21,37.31,1.43
110,Touros,40,BR,1567041458,78,-5.2,-35.46,75.2,9.17
111,Butaritari,94,KI,1567041460,72,3.07,172.79,83.57,10.0
112,Praia da Vitoria,75,PT,1567041461,82,38.73,-27.07,68.0,11.07
113,Airai,16,TL,1567041462,28,-8.93,125.41,78.71,1.19
114,Carnarvon,0,ZA,1567041463,41,-30.97,22.13,40.37,7.85
115,Saint-Philippe,90,CA,1567041465,94,45.36,-73.48,68.0,3.36
116,Richards Bay,100,ZA,1567041466,82,-28.77,32.06,64.85,17.13
117,Leningradskiy,100,RU,1567041467,96,69.38,178.42,41.27,19.73
118,Leh,31,IN,1567041468,59,34.16,77.58,46.85,4.03
119,Lokosovo,25,RU,1567041470,95,61.13,74.84,38.75,5.93
120,Narasannapeta,100,IN,1567041471,84,18.42,84.04,78.71,2.15
121,Dudinka,40,RU,1567041472,81,69.41,86.18,53.6,2.24
122,Nanortalik,41,GL,1567041473,89,60.14,-45.24,41.45,2.3
123,Barrow,79,AR,1567041474,87,-38.31,-60.23,60.89,2.86
124,Batemans Bay,99,AU,1567041476,53,-35.71,150.18,57.99,5.99
125,Ilulissat,23,GL,1567041477,80,69.22,-51.1,39.2,2.24
126,Viseu,0,PT,1567041478,93,40.66,-7.91,66.99,1.12
127,Sines,100,PT,1567041479,88,37.96,-8.87,62.01,5.01
128,Atkinson,1,US,1567041481,72,41.42,-90.02,73.4,4.7
129,Ribeira Grande,17,PT,1567041482,73,38.52,-28.7,68.99,11.43
130,Vardo,1,US,1567041483,94,39.62,-77.74,72.0,1.97
131,Loreto,0,PY,1567041484,38,-23.27,-57.32,79.79,4.83
132,Mulege,49,MX,1567041486,69,26.88,-111.98,87.71,10.42
133,Bluff,11,AU,1567041487,57,-23.58,149.07,68.81,5.39
134,Mujiayingzi,45,CN,1567041488,68,42.12,118.78,54.77,15.28
135,Castro,40,CL,1567041489,87,-42.48,-73.76,42.8,6.93
136,Alpena,90,US,1567041385,93,45.06,-83.43,64.4,9.17
137,Seoul,90,KR,1567041492,83,37.57,126.98,77.0,9.17
138,Dikson,100,RU,1567041493,97,73.51,80.55,42.35,14.7
139,Turayf,0,SA,1567041494,37,31.68,38.65,82.4,6.93
140,Faya,0,SA,1567041495,45,18.39,42.45,66.2,2.68
141,Teya,40,MX,1567041497,70,21.05,-89.07,84.2,17.22
142,Dunedin,100,NZ,1567041440,78,-45.87,170.5,45.0,21.99
143,Poro,50,NC,1567041499,57,-21.3,165.71,74.39,6.13
144,Soe,0,EE,1567041500,82,57.91,26.05,59.0,2.24
145,Saskylakh,100,RU,1567041501,67,71.97,114.09,47.39,9.84
146,Paita,16,PE,1567041503,92,-5.09,-81.11,61.43,10.98
147,Jamestown,0,AU,1567041271,60,-33.21,138.6,46.13,10.36
148,Sorland,54,NO,1567041505,69,67.67,12.69,62.87,19.69
149,Bystryy Istok,1,RU,1567041506,81,52.37,84.39,54.95,4.03
150,Hithadhoo,74,MV,1567041507,76,-0.6,73.08,83.39,12.1
151,Tuktoyaktuk,90,CA,1567041509,80,69.44,-133.03,41.0,18.34
152,Sola,8,TZ,1567041510,82,-3.17,33.8,65.21,6.64
153,Buribay,95,RU,1567041511,78,51.96,58.16,50.09,7.65
154,Paamiut,0,GL,1567041512,64,61.99,-49.67,45.77,27.18
155,Santa Maria,0,BR,1567041514,49,-16.02,-48.01,71.6,8.05
156,Berga,46,ES,1567041515,83,42.1,1.85,73.0,1.12
157,Sharjah,0,AE,1567041516,24,25.36,55.39,95.0,4.7
158,Hobyo,32,SO,1567041517,80,5.35,48.53,74.21,22.5
159,Marawi,94,PH,1567041519,66,8.0,124.29,84.0,3.0
160,Naze,66,NG,1567041520,97,5.43,7.07,72.05,1.9
161,Tasiilaq,0,GL,1567041521,86,65.61,-37.64,39.2,1.66
162,Chuy,0,UY,1567041405,94,-33.69,-53.46,60.17,10.54
163,Tarancon,0,ES,1567041523,68,40.01,-3.01,78.01,6.93
164,Agua Verde,5,MX,1567041525,66,22.89,-105.97,89.6,8.05
165,Meulaboh,100,ID,1567041325,85,4.14,96.13,79.97,9.51
166,San Andres,100,PH,1567041434,84,13.32,122.68,80.69,10.16
167,Ponta do Sol,100,BR,1567041529,51,-20.63,-46.0,63.95,3.8
168,Innisfail,37,AU,1567041530,55,-17.52,146.03,75.0,3.0
169,Henties Bay,0,NA,1567041531,88,-22.12,14.28,51.01,11.83
170,Mar del Plata,0,AR,1567041529,44,-46.43,-67.52,43.79,19.39
171,Valdemarpils,0,LV,1567041533,82,57.37,22.59,64.4,5.82
172,Krasnoarmeysk,0,RU,1567041535,93,56.12,38.15,52.0,2.24
173,Petropavlovsk-Kamchatskiy,0,RU,1567041536,56,53.05,158.65,68.0,8.95
174,Corner Brook,75,CA,1567041537,81,48.95,-57.95,59.0,16.11
175,Sulangan,96,PH,1567041538,71,11.14,123.72,81.05,0.65
176,Rio Grande,1,BR,1567041540,93,-32.03,-52.1,62.01,8.05
177,Formosa,94,BR,1567041541,52,-15.55,-47.33,68.63,6.69
178,Havre-Saint-Pierre,40,CA,1567041542,82,50.23,-63.6,59.0,9.17
179,Novaya Lyalya,100,RU,1567041544,98,59.05,60.6,42.89,10.49
180,Waycross,75,US,1567041371,83,31.21,-82.35,84.2,5.91
181,Moramanga,59,MG,1567041546,96,-18.95,48.23,48.11,1.45
182,Fort Nelson,40,CA,1567041547,40,58.81,-122.69,68.0,4.7
183,Tepoztlan,75,MX,1567041549,65,18.98,-99.1,78.8,5.82
184,Bodden Town,40,KY,1567041550,74,19.28,-81.25,87.8,9.17
185,Sechura,45,PE,1567041551,87,-5.56,-80.82,61.97,10.54
186,Diamantino,99,BR,1567041552,29,-14.4,-56.44,84.83,3.27
187,Souillac,0,FR,1567041553,87,45.6,-0.6,62.6,1.12
188,Rafai,26,CF,1567041555,95,4.95,23.92,67.73,1.32
189,San Cristobal,13,HN,1567041556,51,14.68,-86.92,74.93,7.45
190,Hasaki,75,JP,1567041557,74,35.73,140.83,86.0,12.75
191,Torbay,90,CA,1567041558,100,47.66,-52.73,59.0,8.05
192,Santa Lucia,0,IT,1567041560,73,41.98,12.66,75.99,4.7
193,Gornopravdinsk,100,RU,1567041561,79,60.06,69.92,45.23,4.0
194,Vestmanna,17,FO,1567041562,93,62.16,-7.17,50.0,9.17
195,Makakilo City,75,US,1567041563,49,21.35,-158.09,89.6,8.05
196,Marsh Harbour,36,BS,1567041565,67,26.54,-77.06,84.83,3.2
197,Isangel,40,VU,1567041566,54,-19.55,169.27,82.4,12.75
198,Sire,94,ET,1567041567,82,8.28,39.49,60.17,3.38
199,Bama,95,CN,1567041568,86,24.14,107.25,77.27,4.25
200,Saint George,0,GR,1567041570,40,39.45,22.34,73.4,0.58
201,Manzhouli,3,CN,1567041571,73,49.6,117.43,57.83,8.75
202,Mayo,75,CA,1567041572,42,63.59,-135.9,62.6,9.17
203,Fort-Shevchenko,0,KZ,1567041573,60,44.51,50.26,69.35,24.16
204,Margate,20,AU,1567041574,57,-43.03,147.26,54.0,10.29
205,Nisia Floresta,20,BR,1567041576,78,-6.09,-35.21,75.2,11.41
206,Merrill,1,US,1567041577,27,42.03,-121.6,87.01,13.87
207,Arraial do Cabo,75,BR,1567041578,88,-22.97,-42.02,64.4,4.7
208,Vila Velha,0,BR,1567041580,69,-3.71,-38.6,80.6,13.87
209,Isabela,97,PH,1567041581,79,10.2,122.99,81.77,14.38
210,Nalut,0,LY,1567041582,33,31.86,10.98,81.23,7.63
211,Khandyga,100,RU,1567041583,52,62.65,135.58,60.89,12.12
212,Moissala,100,TD,1567041585,96,8.34,17.77,70.43,2.59
213,Fairbanks,75,US,1567041394,67,64.84,-147.72,57.99,11.41
214,Ancud,40,CL,1567041587,87,-41.87,-73.83,42.8,6.93
215,Zunyi,76,CN,1567041588,88,27.73,106.92,70.79,3.53
216,Jati,100,PK,1567041589,80,24.35,68.27,82.49,5.35
217,Gat,20,SN,1567041591,88,14.69,-16.54,82.4,5.82
218,Nhulunbuy,20,AU,1567041592,50,-12.18,136.78,77.0,24.16
219,Coquimbo,0,CL,1567041593,93,-29.95,-71.34,53.6,6.17
220,Senneterre,75,CA,1567041594,49,48.39,-77.24,68.0,9.17
221,Batagay,1,RU,1567041596,53,67.65,134.64,45.95,5.48
222,Ust-Omchug,97,RU,1567041597,82,61.13,149.63,46.13,7.23
223,Mao,20,DO,1567041598,69,19.55,-71.08,84.2,9.17
224,Muscat,0,OM,1567041599,74,23.6,58.55,82.4,2.24
225,Garden City,1,US,1567041600,11,43.62,-116.24,98.01,5.82
226,Yeppoon,20,AU,1567041602,53,-23.13,150.74,73.4,3.36
227,Brejo,88,BR,1567041603,72,-3.68,-42.75,76.73,6.15
228,Rorvik,100,NO,1567041604,68,64.86,11.24,72.0,5.01
229,Vanavara,100,RU,1567041605,95,60.35,102.28,55.31,2.08
230,Dwarka,40,IN,1567041607,83,28.58,77.04,84.2,4.7
231,Shimoda,75,JP,1567041608,88,34.7,138.93,88.0,16.11
232,Punta Alta,0,AR,1567041609,65,-27.46,-55.82,77.0,2.24
233,Sakaiminato,75,JP,1567041611,94,35.55,133.23,75.2,5.82
234,Pekalongan,92,ID,1567041612,75,-6.89,109.67,73.85,3.71
235,Labuhan,83,ID,1567041613,65,-2.54,115.51,76.55,0.69
236,Pisco,0,PE,1567041614,82,-13.71,-76.2,60.8,9.17
237,Berezovka,43,RU,1567041616,81,55.71,42.61,45.59,4.63
238,Porto Walter,28,BR,1567041549,65,-8.27,-72.74,77.99,1.88
239,Tiarei,20,PF,1567041618,69,-17.53,-149.33,82.4,18.34
240,Bafq,0,IR,1567041619,18,31.6,55.4,62.69,1.52
241,Atar,20,MR,1567041621,44,20.52,-13.05,89.69,14.92
242,Krasnyy Kut,0,RU,1567041622,56,47.1,40.67,55.85,10.56
243,Dalbandin,1,PK,1567041623,11,28.9,64.41,79.43,8.57
244,Umea,57,SE,1567041624,100,63.83,20.26,50.0,5.46
245,Hay River,20,CA,1567041626,40,60.82,-115.79,68.0,3.36
246,Fukue,75,JP,1567041362,88,35.03,136.69,82.4,4.7
247,Kluang,75,MY,1567041628,94,2.04,103.32,77.0,1.12
248,Ambovombe,0,MG,1567041629,80,-25.18,46.09,71.87,15.12
249,Mount Isa,0,AU,1567041630,22,-20.73,139.49,64.4,13.87
250,Provideniya,90,RU,1567041632,87,64.42,-173.23,51.8,11.18
251,Vostok,94,RU,1567041633,84,46.45,135.83,60.53,2.95
252,Aswan,0,EG,1567041634,25,24.09,32.9,86.0,5.82
253,Kouango,19,CF,1567041635,95,4.99,19.98,68.81,1.7
254,Tessalit,12,ML,1567041637,34,20.2,1.01,91.49,11.1
255,Mattru,100,SL,1567041638,95,7.62,-11.83,74.03,3.65
256,Pangnirtung,85,CA,1567041639,62,66.15,-65.72,44.33,1.68
257,Saint Anthony,1,US,1567041640,14,43.97,-111.68,84.2,9.17
258,Kruisfontein,0,ZA,1567041641,75,-34.0,24.73,43.97,6.31
259,Erpeli,0,RU,1567041643,40,42.81,46.97,73.0,17.9
260,Erenhot,0,CN,1567041644,66,43.65,111.97,58.91,13.02
261,Havelock,40,US,1567041645,69,34.88,-76.9,82.4,8.05
262,Port-Cartier,20,CA,1567041647,63,50.03,-66.88,64.99,17.22
263,Alenquer,20,BR,1567041648,83,-1.95,-54.74,80.6,2.24
264,Xuanzhou,99,CN,1567041649,89,30.95,118.78,74.39,0.76
265,Mombetsu,75,JP,1567041650,100,44.35,143.35,64.4,4.7
266,Tias,0,ES,1567041652,83,28.96,-13.65,73.4,12.75
267,San Angelo,1,US,1567041645,43,31.46,-100.44,89.6,14.99
268,Sabratah,0,LY,1567041654,58,32.79,12.49,81.95,21.47
269,Aklavik,90,CA,1567041655,70,68.22,-135.01,42.8,4.7
270,Bethel,90,US,1567041612,66,60.79,-161.76,57.2,3.36
271,Druskininkai,1,LT,1567041658,99,54.02,23.98,68.0,9.28
272,Riyadh,0,SA,1567041659,27,24.63,46.72,86.0,2.24
273,Luderitz,0,NA,1567041660,66,-26.65,15.16,51.8,12.75
274,San Jose,1,HN,1567041661,28,14.25,-87.96,86.0,6.93
275,Berdigestyakh,76,RU,1567041662,87,62.1,126.7,54.95,4.61
276,Severo-Kurilsk,100,RU,1567041664,98,50.68,156.12,49.19,7.11
277,Verkhnyaya Inta,100,RU,1567041665,85,65.99,60.32,36.59,6.35
278,Jiwani,43,PK,1567041666,75,25.05,61.74,83.21,11.12
279,Tarut,5,SA,1567041668,79,26.57,50.06,91.4,4.7
280,Opotiki,12,NZ,1567041530,73,-38.01,177.29,57.99,7.0
281,Lubango,0,AO,1567041670,84,-14.92,13.49,58.55,1.36
282,Glendive,1,US,1567041671,28,47.11,-104.71,82.0,10.29
283,Isla Mujeres,20,MX,1567041672,78,21.23,-86.73,82.4,5.82
284,Petropavlovka,30,RU,1567041674,80,50.61,105.32,54.59,2.17
285,Vanimo,98,PG,1567041675,75,-2.67,141.3,81.05,3.76
286,Tevriz,87,RU,1567041676,93,57.51,72.4,44.33,5.32
287,Rampur,32,IN,1567041677,87,28.8,79.03,79.61,5.1
288,Mazagao,75,BR,1567041679,100,-0.12,-51.29,80.6,4.7
289,Esmeralda,100,CL,1567041680,85,-34.33,-70.9,58.55,3.36
290,Barpathar,40,IN,1567041681,91,26.3,93.87,76.01,0.58
291,Zhanaozen,0,KZ,1567041682,63,43.35,52.85,66.29,14.25
292,Avera,1,US,1567041684,94,33.19,-82.53,80.6,1.16
293,Nikolskoye,0,RU,1567041685,76,59.7,30.79,60.01,2.24
294,Salinopolis,33,BR,1567041686,80,-0.61,-47.36,81.05,18.79
295,Gigmoto,100,PH,1567041687,82,13.78,124.39,82.31,17.85
296,Skibbereen,20,IE,1567041689,93,51.55,-9.27,51.8,10.29
297,Zemio,11,CF,1567041690,80,5.02,25.13,65.39,1.54
298,Te Anau,100,NZ,1567041691,83,-45.41,167.72,39.83,8.21
299,Popondetta,96,PG,1567041693,88,-8.77,148.24,70.97,3.15
300,Manono,0,CD,1567041694,51,-7.3,27.4,73.49,2.24
301,Mandalgovi,0,MN,1567041695,52,45.76,106.27,59.27,3.31
302,Powell River,75,CA,1567041696,50,49.84,-124.52,86.0,6.93
303,Portland,90,US,1567041697,93,43.66,-70.25,64.4,6.93
304,Malangali,0,TZ,1567041699,66,-8.57,34.85,60.53,2.33
305,Harrismith,85,ZA,1567041700,93,-28.27,29.13,47.21,4.97
306,Jinchang,0,CN,1567041701,34,38.52,102.19,61.43,2.51
307,Kimbe,75,PG,1567041702,57,-5.56,150.15,89.51,1.61
308,Port-Gentil,85,GA,1567041704,85,-0.72,8.78,76.01,13.33
309,Nemuro,75,JP,1567041705,100,43.32,145.57,64.4,10.29
310,Arman,99,RU,1567041706,81,59.7,150.17,52.61,4.34
311,Loralai,56,PK,1567041495,56,30.37,68.6,74.03,1.99
312,Bon Air,90,US,1567041709,94,37.52,-77.56,72.0,3.67
313,Venado Tuerto,100,AR,1567041710,79,-33.75,-61.97,72.0,7.0
314,Matara,34,BI,1567041711,81,-3.48,29.48,52.97,0.6
315,Kantang,40,TH,1567041712,94,7.42,99.52,75.2,3.36
316,Norman Wells,75,CA,1567041714,71,65.28,-126.83,50.0,13.87
317,Tecoanapa,5,MX,1567041715,70,16.99,-99.26,87.8,5.82
318,Mayna,0,RU,1567041716,88,53.0,91.49,53.15,2.06
319,Deputatskiy,98,RU,1567041614,71,69.3,139.9,34.61,10.22
320,Roebourne,6,AU,1567041719,60,-20.77,117.15,70.79,6.93
321,Farmington,1,US,1567041720,7,36.73,-108.21,89.6,13.87
322,Bilibino,100,RU,1567041721,92,68.06,166.44,39.29,1.72
323,Sirsilla,100,IN,1567041722,85,18.39,78.81,72.41,4.88
324,Roswell,1,US,1567041724,40,33.39,-104.52,89.6,17.22
325,Mountain Home,1,US,1567041519,7,43.13,-115.69,96.8,8.05
326,Namie,75,JP,1567041726,83,37.52,140.86,79.0,4.7
327,Puri,100,ID,1567041727,72,-7.54,112.45,74.03,7.34
328,Rio Gallegos,0,AR,1567041729,60,-51.62,-69.22,39.2,24.16
329,Plainview,1,US,1567041730,61,34.18,-101.71,80.6,8.05
330,Ouargaye,100,BF,1567041731,96,11.5,0.06,72.41,2.46
331,Constitucion,75,MX,1567041732,43,23.99,-104.67,73.0,8.05
332,Tateyama,75,JP,1567041734,94,36.66,137.31,79.0,2.24
333,Kidal,43,ML,1567041735,62,18.44,1.41,83.39,10.87
334,Muana,39,BR,1567041736,86,-1.53,-49.22,76.91,5.12
335,Fowa,69,NG,1567041737,93,8.92,6.4,73.85,4.29
336,Emerald,75,AU,1567041739,49,-23.53,148.16,71.6,10.29
337,Oistins,20,BB,1567041740,78,13.07,-59.53,82.4,10.29
338,Mahuva,97,IN,1567041741,88,21.09,71.76,79.25,6.46
339,Atocha,5,AR,1567041742,64,-24.82,-65.48,75.2,4.7
340,Gizo,20,IL,1567041744,78,31.8,34.94,78.8,4.7
341,Hjelset,67,NO,1567041745,88,62.78,7.5,62.6,3.36
342,Ust-Tsilma,36,RU,1567041746,95,65.44,52.15,33.71,3.33
343,Boende,68,CD,1567041747,74,-0.28,20.88,75.11,2.08
344,Kutum,17,SD,1567041749,65,14.2,24.66,75.11,4.74
345,Fortuna,1,US,1567041750,77,40.6,-124.16,71.01,10.29
346,Nikolayevsk-na-amure,17,RU,1567041751,52,53.14,140.72,65.39,4.7
347,Victoria,75,BN,1567041571,65,5.28,115.24,82.4,8.05
348,Turukhansk,99,RU,1567041754,90,65.8,87.96,48.83,17.27
349,Penalva,12,BR,1567041755,70,-3.29,-45.17,77.45,2.84
350,Tolaga Bay,30,NZ,1567041756,35,-38.37,178.3,60.17,4.14
351,Husavik,68,CA,1567041757,50,50.56,-96.99,66.0,8.95
352,Hadrut,0,AZ,1567041758,56,39.52,47.03,65.39,4.09
353,Ust-Barguzin,32,RU,1567041760,83,53.41,109.03,55.67,0.56
354,Srednekolymsk,85,RU,1567041761,63,67.46,153.71,39.65,8.55
355,Tilichiki,100,RU,1567041762,89,60.47,166.1,51.17,2.24
356,Biloela,0,AU,1567041764,51,-24.4,150.51,68.99,7.49
357,Aripuana,95,BR,1567041765,45,-9.17,-60.63,82.49,1.95
358,Werda,0,BW,1567041766,19,-25.27,23.28,52.43,6.62
359,Kotka,0,FI,1567041767,93,60.47,26.95,57.2,6.93
360,La Ronge,90,CA,1567041768,93,55.1,-105.3,53.6,5.82
361,Sadat,9,YE,1567041770,62,14.53,44.17,70.25,3.4
362,Cabedelo,75,BR,1567041771,94,-6.97,-34.84,71.6,5.82
363,Hibbing,1,US,1567041746,58,47.43,-92.94,60.8,3.36
364,Pathein,60,MM,1567041773,88,16.78,94.73,77.99,2.06
365,Yumen,62,CN,1567041775,18,40.29,97.04,70.97,13.62
366,Nuristan,0,UZ,1567041776,40,38.49,65.64,69.8,4.7
367,Springfield,1,US,1567041627,57,37.22,-93.29,78.01,6.93
368,Opuwo,4,NA,1567041670,71,-18.06,13.84,52.79,2.57
369,Georgetown,20,GY,1567041666,78,6.8,-58.16,82.4,9.17
370,Sisophon,100,KH,1567041781,94,13.59,102.97,75.65,10.31
371,Sogne,84,NO,1567041782,100,58.08,7.82,64.99,2.24
372,Kerman,0,IR,1567041783,9,30.29,57.06,59.0,4.7
373,Lebu,75,ET,1567041784,87,8.96,38.73,55.4,11.41
374,Mattawa,75,CA,1567041785,100,46.32,-78.7,61.0,8.05
375,Los Llanos de Aridane,40,ES,1567041787,69,28.66,-17.92,73.4,12.75
376,Sao Filipe,60,CV,1567041788,76,14.9,-24.5,79.07,9.82
377,Sur,67,OM,1567041789,44,22.57,59.53,84.29,8.39
378,Quatre Cocos,75,MU,1567041791,88,-20.21,57.76,71.01,8.05
379,Half Moon Bay,75,US,1567041571,68,37.46,-122.43,75.99,13.87
380,Tura,100,RU,1567041793,96,64.27,100.22,52.07,2.75
381,Sarbogard,55,HU,1567041794,48,46.89,18.62,72.41,2.82
382,Koslan,48,RU,1567041795,91,63.46,48.9,32.99,1.52
383,Luanda,40,AO,1567041797,94,-8.83,13.24,69.8,5.82
384,Urusha,0,RU,1567041798,54,54.05,122.9,65.93,1.48
385,Launceston,0,AU,1567041671,53,-41.43,147.14,51.01,3.36
386,Sandpoint,1,US,1567041629,15,48.28,-116.55,89.6,3.36
387,Bukachacha,28,RU,1567041802,60,52.99,116.91,60.53,2.84
388,Grindavik,90,IS,1567041803,93,63.84,-22.43,50.0,9.17
389,Iracoubo,33,GF,1567041804,83,5.48,-53.21,77.27,6.76
390,Pringsewu,98,ID,1567041805,94,-5.36,104.98,71.15,0.87
391,Yashkul,0,RU,1567041807,52,46.17,45.34,57.65,11.43
392,Batangafo,94,CF,1567041808,94,7.3,18.29,69.71,2.51
393,Comodoro Rivadavia,0,AR,1567041704,45,-45.87,-67.48,48.2,19.46
394,Kolpashevo,77,RU,1567041810,79,58.31,82.9,48.47,4.68
395,Praya,20,ID,1567041812,61,-8.71,116.27,80.6,9.17
396,Chakia,93,IN,1567041813,75,26.42,85.05,84.11,5.39
397,Itarantim,89,BR,1567041814,93,-15.65,-40.06,60.89,3.83
398,Tarko-Sale,99,RU,1567041567,94,64.92,77.78,46.0,3.0
399,Genhe,27,CN,1567041816,64,50.78,121.52,58.73,4.92
400,Port Lincoln,8,AU,1567041818,67,-34.72,135.86,52.61,15.32
401,Caravelas,31,BR,1567041819,84,-17.73,-39.27,68.81,9.64
402,Aksay,76,KZ,1567041820,72,51.17,53.01,50.63,17.85
403,Berlevag,56,NO,1567041821,82,70.86,29.09,53.15,7.87
404,Fountain Hills,1,US,1567041822,21,33.61,-111.72,107.6,11.41
405,Gamba,77,CN,1567041824,73,28.28,88.52,42.17,1.36
406,Honiara,75,SB,1567041825,70,-9.43,159.96,86.0,6.93
407,Templin,0,DE,1567041826,73,53.12,13.5,71.01,4.7
408,Brae,100,GB,1567041828,87,60.4,-1.35,53.6,10.29
409,Hecun,75,CN,1567041829,97,29.94,119.31,70.43,3.18
410,Shingu,75,JP,1567041830,88,33.72,135.99,80.6,6.93
411,Bubaque,50,GW,1567041832,84,11.28,-15.83,79.79,14.43
412,Abu Dhabi,0,AE,1567041833,66,24.47,54.37,89.6,5.82
413,Codrington,75,AU,1567041834,37,-28.95,153.24,72.0,9.17
414,Tiksi,5,RU,1567041835,83,71.64,128.87,37.31,21.43
415,Port Augusta,0,AU,1567041836,57,-32.49,137.76,53.01,12.75
416,Ochamchira,13,GE,1567041838,74,42.71,41.47,69.35,3.53
417,Cosoleacaque,40,MX,1567041839,79,18.0,-94.64,84.2,11.41
418,Iralaya,40,HN,1567041840,74,15.0,-83.23,84.2,6.93
419,Ust-Maya,40,RU,1567041841,83,60.42,134.54,57.11,3.74
420,Kieta,100,PG,1567041843,75,-6.22,155.63,80.87,4.45
421,Nara,75,JP,1567041844,74,34.68,135.8,87.01,20.8
422,Mananjary,0,MG,1567041845,82,-19.16,46.8,52.79,5.64
423,Eureka,90,US,1567041834,82,40.8,-124.16,71.01,6.93
424,Katsuura,75,JP,1567041848,78,33.93,134.5,86.0,3.36
425,Cayenne,0,GF,1567041596,88,4.94,-52.33,75.2,3.36
426,Karratha,13,AU,1567041850,67,-20.74,116.85,69.89,6.11
427,Road Town,40,VG,1567041851,100,18.42,-64.62,82.99,19.46
428,Kahului,75,US,1567041730,83,20.89,-156.47,91.4,9.17
429,Taksimo,100,RU,1567041854,59,56.36,114.84,57.83,3.44
430,Mayumba,67,GA,1567041855,91,-3.44,10.65,73.49,6.15
431,Beloha,0,MG,1567041856,83,-25.17,45.06,61.25,3.47
432,Srivardhan,45,IN,1567041858,87,18.03,73.02,77.45,5.95
433,Sesimbra,0,PT,1567041859,88,38.45,-9.1,68.0,6.93
434,Wucheng,75,CN,1567041860,94,29.09,119.57,77.09,1.92
435,Banda Aceh,100,ID,1567041861,79,5.56,95.32,82.49,18.72
436,Nokha,92,IN,1567041863,65,27.56,73.47,85.01,1.14
437,Carlyle,90,CA,1567041864,55,49.63,-102.27,64.4,25.28
438,Rutul,75,RU,1567041865,64,41.53,47.42,73.4,4.7
439,Jinxiang,0,CN,1567041866,65,35.07,116.31,70.97,10.18
440,Alice Springs,0,AU,1567041868,24,-23.7,133.88,59.0,13.87
441,Mezen,100,RU,1567041869,87,65.85,44.24,41.99,6.42
442,Esso,97,RU,1567041870,73,55.93,158.7,49.55,0.38
443,Mogadishu,28,SO,1567041617,78,2.04,45.34,75.29,13.6
444,Bara,0,NG,1567041872,90,10.41,10.6,71.51,3.47
445,San Felipe,99,CL,1567041874,60,-32.75,-70.73,64.0,1.97
446,Vestmannaeyjar,63,IS,1567041875,88,63.44,-20.27,49.37,15.66
447,Goias,98,BR,1567041876,33,-15.93,-50.14,78.17,4.9
448,Pinega,98,RU,1567041877,96,64.7,43.39,39.11,4.05
449,Mouila,91,GA,1567041879,78,-1.86,11.06,75.11,3.06
450,Pontianak,100,ID,1567041880,83,-0.02,109.34,78.71,10.85
451,Jertih,75,MY,1567041881,88,5.74,102.5,77.0,3.36
452,Bogo,100,CM,1567041882,86,10.74,14.61,74.75,2.13
453,Awjilah,0,LY,1567041884,75,29.14,21.3,74.57,8.59
454,Ruwi,0,OM,1567041599,74,23.6,58.55,82.4,2.24
455,Wembley,20,CA,1567041886,42,55.15,-119.14,62.6,9.17
456,Waingapu,30,ID,1567041887,73,-9.65,120.26,74.57,12.37
457,Ambositra,0,MG,1567041889,85,-20.53,47.24,49.73,2.42
458,Hami,0,CN,1567041890,13,42.84,93.51,80.51,5.44
459,Ondjiva,0,AO,1567041891,10,-17.07,15.73,60.53,4.09
460,Poya,37,NC,1567041892,75,-21.35,165.16,70.61,10.83
461,Nakamura,75,JP,1567041894,78,35.17,136.87,82.4,1.12
462,Manati,0,AL,1567041895,77,41.76,19.67,68.0,2.24
463,Morgan City,75,US,1567041896,94,29.7,-91.21,78.01,6.93
464,San Pedro,90,AR,1567041897,76,-33.68,-59.66,73.99,5.99
465,Agaro,84,ET,1567041898,96,7.86,36.59,55.49,2.86
466,Kilindoni,0,TZ,1567041900,77,-7.91,39.67,77.63,12.41
467,Hambantota,75,LK,1567041901,100,6.12,81.12,78.8,9.17
468,Nyurba,8,RU,1567041902,81,63.29,118.35,55.85,4.54
469,Ponta Delgada,40,PT,1567041634,94,37.73,-25.67,71.01,9.17
470,Bambanglipuro,99,ID,1567041905,85,-7.95,110.28,71.15,4.72
471,Bako,100,BF,1567041906,90,12.29,-0.73,72.59,5.17
472,Phek,38,IN,1567041907,91,25.7,94.46,74.21,2.33
473,Dunyapur,40,PK,1567041908,70,29.8,71.74,89.6,1.83
474,Oeiras do Para,16,BR,1567041910,68,-2.0,-49.85,78.89,3.51
475,Harper,1,US,1567041911,46,30.3,-99.24,90.0,5.82
476,Ler,20,NO,1567041912,82,63.2,10.3,63.0,9.17
477,Dundee,0,GB,1567041913,93,56.46,-2.97,55.0,1.12
478,Ballina,50,IE,1567041915,88,54.11,-9.15,57.99,7.0
479,Kudahuvadhoo,100,MV,1567041916,71,2.67,72.89,83.03,7.09
480,Tadine,8,NC,1567041917,73,-21.55,167.88,72.05,10.25
481,Lethem,59,GY,1567041918,61,3.38,-59.8,83.39,3.74
482,Tocopilla,72,CL,1567041919,83,-22.09,-70.2,57.47,4.7
483,Kamariotissa,0,GR,1567041921,64,40.48,25.47,75.2,14.99
484,Broome,89,GB,1567041922,88,52.47,1.45,64.0,2.24
485,Monrovia,75,LR,1567041679,94,6.33,-10.8,75.2,10.58
486,Cockburn Town,43,TC,1567041785,74,21.46,-71.14,82.49,12.21
487,Gazanjyk,0,TM,1567041925,38,39.24,55.52,77.09,14.03
488,Nushki,0,PK,1567041927,20,29.55,66.02,76.91,3.65
489,Darhan,0,MN,1567041928,71,49.49,105.92,56.39,3.67
490,Vilyuysk,20,RU,1567041929,78,63.75,121.63,58.37,4.38
491,Vannes,90,FR,1567041930,87,47.66,-2.76,64.99,8.05
492,Elyakhin,20,IL,1567041932,78,32.41,34.92,78.8,4.7
493,Tautira,20,PF,1567041933,69,-17.73,-149.15,82.4,18.34
494,Gornorechenskiy,96,RU,1567041934,91,44.26,135.11,59.99,2.89
495,Zyryanka,98,RU,1567041935,62,65.73,150.89,43.43,13.8
496,Sevnica,100,SI,1567041936,100,46.01,15.3,69.8,2.24
497,Wisconsin Rapids,1,US,1567041863,59,44.39,-89.82,64.99,5.82
498,Podor,0,MR,1567041939,55,16.65,-14.96,87.8,2.24
499,Salalah,90,OM,1567041940,94,17.01,54.1,78.8,4.7
500,Bouna,100,CI,1567041941,94,9.27,-3.0,72.41,5.32
501,Skorodnoye,0,RU,1567041942,61,51.07,37.24,48.2,6.71
502,Viedma,91,AR,1567041944,72,-40.81,-62.99,49.19,2.42
503,Hingoli,75,IN,1567041945,86,19.72,77.14,73.85,4.43
504,North Bend,1,US,1567041946,82,43.41,-124.22,91.99,14.99
505,Birjand,0,IR,1567041947,21,32.86,59.22,62.6,4.7
506,Temir,100,KZ,1567041949,71,49.14,57.13,56.39,12.75
507,Bulembu,66,SZ,1567041950,93,-25.95,31.13,66.99,2.24
508,Ust-Nera,100,RU,1567041951,93,64.57,143.24,36.59,8.23
509,Sokoni,0,CD,1567041952,34,-12.89,28.78,59.27,4.0
510,Smolenka,15,PL,1567041954,94,54.15,22.76,68.0,13.78
511,Coari,33,BR,1567041955,52,-4.09,-63.14,84.65,1.92
512,Baykit,7,RU,1567041956,94,61.68,96.39,45.95,2.75
513,Bechem,94,GH,1567041957,99,7.09,-2.02,70.43,2.82
514,Jinka,93,ET,1567041958,78,5.79,36.57,64.13,3.31
515,Beringovskiy,99,RU,1567041960,66,63.05,179.32,56.39,5.53
516,Sao Jose da Coroa Grande,21,BR,1567041961,92,-8.9,-35.15,67.01,3.22
517,Bandarbeyla,23,SO,1567041909,73,9.49,50.81,73.13,24.85
518,NEDJO,0,ET,1567041963,94,9.5,35.5,55.13,0.98
519,Show Low,1,US,1567041788,72,34.25,-110.03,78.01,9.17
520,Yerbogachen,0,RU,1567041966,69,61.28,108.01,54.77,4.25
521,Olkhovka,100,RU,1567041967,64,53.21,60.61,53.87,5.37
522,Kununurra,60,AU,1567041968,11,-15.77,128.74,77.0,19.46
523,Kargasok,84,RU,1567041969,85,59.06,80.87,46.13,3.53
524,Pinawa,83,CA,1567041971,62,50.15,-95.88,61.97,3.78
525,Elko,1,US,1567041690,18,40.83,-115.76,89.6,5.82
526,Talas,1,KG,1567041973,42,42.52,72.24,59.09,3.85
527,Yulara,0,AU,1567041974,21,-25.24,130.99,59.0,10.29
528,Baoqing,38,CN,1567041976,90,46.32,132.2,65.93,1.52
529,Ewa Beach,75,US,1567041845,49,21.32,-158.01,89.6,8.05
530,Kohlu,18,PK,1567041978,54,29.9,69.25,80.33,2.95
531,Mahebourg,75,MU,1567041979,88,-20.41,57.7,71.01,8.05
532,Ä°zmit,40,TR,1567041981,100,40.76,29.93,75.0,8.52
533,Pingyin,0,CN,1567041982,55,36.28,116.45,70.97,7.47
534,Musoma,20,TZ,1567041983,82,-1.5,33.81,68.0,8.72
535,Yueyang,99,CN,1567041984,74,29.36,113.12,75.29,4.85
536,Artyom,40,RU,1567041986,94,43.36,132.19,68.0,2.24
537,Alofi,75,NU,1567041987,73,-19.06,-169.92,77.0,16.11
538,Bonanza,84,NI,1567041988,70,14.03,-84.62,76.91,3.6
539,Gorontalo,81,ID,1567041819,66,0.54,123.06,79.79,8.14
540,Staryy Nadym,100,RU,1567041991,91,65.61,72.68,42.89,18.28
541,Maningrida,17,AU,1567041992,25,-12.05,134.23,75.47,15.61
542,Tuatapere,85,NZ,1567041993,73,-46.13,167.69,46.99,18.99
543,Ambilobe,0,MG,1567041994,75,-13.19,49.05,68.63,8.5
544,Paso de los Toros,35,UY,1567041995,92,-32.81,-56.52,66.47,10.04
545,Chara,0,GR,1567041997,55,39.42,22.43,68.0,0.58
546,Borba,38,BR,1567041998,57,-4.39,-59.59,79.97,1.81
547,Maine-Soroa,0,NE,1567041999,50,13.21,12.02,85.19,5.59
548,Vitim,0,RU,1567042001,68,59.44,112.57,55.67,2.44
549,Porto Novo,75,BR,1567042002,93,-23.68,-45.44,59.0,8.05
550,Zabid,44,YE,1567042003,63,14.2,44.5,69.89,1.95
551,Adamas,0,GR,1567042004,65,36.73,24.43,77.99,25.08
552,Port Hedland,10,AU,1567042006,38,-20.31,118.58,77.0,4.7
553,Melchor de Mencos,40,GT,1567042007,58,17.06,-89.15,86.0,6.93
554,San Policarpo,95,PH,1567042008,75,12.18,125.51,81.95,4.03
555,Paragould,1,US,1567042009,94,36.06,-90.5,75.99,4.7
